{
    "Version": "2012-10-17",
    "Statement": [
      {
        "Effect": "Allow",
        "Action": [
          "lambda:CreateFunction",
          "lambda:UpdateFunctionCode",
          "lambda:UpdateFunctionConfiguration",
          "lambda:DeleteFunction",
          "lambda:GetFunction",
          "lambda:GetFunctionConfiguration",
          "lambda:TagResource",
          "lambda:UntagResource",
          "lambda:ListTags",
          "lambda:PublishVersion",
          "lambda:CreateAlias",
          "lambda:UpdateAlias",
          "lambda:DeleteAlias",
          "lambda:GetAlias",
          "lambda:ListVersionsByFunction",
          "lambda:ListAliases",
          "lambda:ListVersionsByFunction",
          "lambda:CreateEventSourceMapping",
          "lambda:UpdateEventSourceMapping",
          "lambda:DeleteEventSourceMapping",
          "lambda:GetEventSourceMapping",
          "lambda:ListEventSourceMappings"
        ],
        "Resource": "*"
      }
    ]
  }
  