{
    "Version": "2012-10-17",
    "Statement": [
      {
        "Effect": "Allow",
        "Action": "lambda:InvokeFunction",
        "Resource": "arn:aws:lambda:region:account-id:function:function-name"
      },
      {
        "Effect": "Allow",
        "Action": [
          "logs:CreateLogGroup",
          "logs:CreateLogStream",
          "logs:PutLogEvents"
        ],
        "Resource": "arn:aws:logs:region:account-id:log-group:/aws/lambda/function-name:*"
      }
    ]
  }
  