{
    "Version": "2012-10-17",
    "Statement": [
        {
            "Effect": "Allow",
            "Action": [
                "inspector2:Enable",
                "inspector2:Disable",
                "inspector2:ListFindings",
                "inspector2:ListAccountPermissions",
                "inspector2:ListCoverage"
            ],
            "Resource": "*"
        },
        {
            "Effect": "Allow",
            "Action": "iam:CreateServiceLinkedRole",
            "Resource": "*",
            "Condition": {
                "StringEquals": {
                    "iam:AWSServiceName": [
                        "inspector2.amazonaws.com"
                    ]
                }
            }
        }
    ]
}