{
    "Version": "2012-10-17",
    "Statement": [
        {
            "Sid": "AllowPushPull",
            "Effect": "Allow",
            "Principal": {
                "AWS": [
                    "arn:aws:iam::account-id:user/push-pull-user-1",
                    "arn:aws:iam::account-id:user/push-pull-user-2"
                ]
            },
            "Action": [
                "ecr:BatchGetImage",
                "ecr:BatchCheckLayerAvailability",
                "ecr:CompleteLayerUpload",
                "ecr:GetDownloadUrlForLayer",
                "ecr:InitiateLayerUpload",
                "ecr:PutImage",
                "ecr:UploadLayerPart"
            ]
        }
    ]
}