{
    "Version": "2012-10-17",
    "Statement": [
        {
            "Sid": "S3BucketActions",
            "Effect": "Allow",
            "Action": [
                "s3:ListBucket",
                "s3:GetBucketLocation"
            ],
            "Resource": [
                "arn:aws:s3:::your-bucket-name"
            ]
        },
        {
            "Sid": "S3ObjectActions",
            "Effect": "Allow",
            "Action": [
                "s3:GetObject",
                "s3:PutObject",
                "s3:DeleteObject"
            ],
            "Resource": [
                "arn:aws:s3:::your-bucket-name/*"
            ]
        }
    ]
}
