{
    "Version": "2012-10-17",
    "Statement": [
        {
            "Sid": "S3ConsoleAccess",
            "Effect": "Allow",
            "Action": [
                "s3:GetAccountPublicAccessBlock",
                "s3:GetBucketAcl",
                "s3:GetBucketLocation",
                "s3:GetBucketPolicyStatus",
                "s3:GetBucketPublicAccessBlock",
                "s3:ListAccessPoints",
                "s3:ListAllMyBuckets"
            ],
            "Resource": "*"
        },
        {
            "Sid": "ListObjectsInBucket",
            "Effect": "Allow",
            "Action": "s3:ListBucket",
            "Resource": "arn:aws:s3:::bucket-name",
            "Condition": {
                "StringLike": {
                    "s3:prefix": [
                        "",
                        "home/",
                        "home/${aws:username}/*"
                    ]
                }
            }
        },
        {
            "Effect": "Allow",
            "Action": "s3:*",
            "Resource": [
                "arn:aws:s3:::bucket-name/home/${aws:username}",
                "arn:aws:s3:::bucket-name/home/${aws:username}/*"
            ]
        }
    ]
}

# How to create an identity-based policy that allows IAM users to access their home directory bucket objects in S3